 [
                {
                    "name": "Login Screen test case",
                    "testMethods": [
                        {
                            "methodName": "testMethodOne_2",
                            "info": {
                                "deviceName": "Google nexus",
                                "deviceModel": "Android",
                                "deviceUDID": "192_168_56_101_5555"
                            },
                            "screenShot": []
                        },
                        {
                            "methodName": "testMethodOne_2",
                            "info": {
                                "deviceName": "Google Pixel",
                                "deviceModel": "Android",
                                "deviceUDID": "192_168_56_101_5555"
                            },
                            "screenShot": []
                        },
                        {
                            "methodName": "testMethodOne_2",
                            "info": {
                                "deviceName": "iPhone 7",
                                "deviceModel": "IOS",
                                "deviceUDID": "192_168_56_101_5555"
                            },
                            "screenShot": []
                        }
                    ]
                },
                {
                    "name": "Payment screen test case",
                    "testMethods": [
                        {
                            "methodName": "testMethodOne_3",
                            "info": {
                                "deviceName": "Moto G3",
                                "deviceModel": "Android",
                                "deviceUDID": "192_168_56_101_5555"
                            },
                            "screenShot": []
                        },
                        {
                            "methodName": "testMethodOne_2",
                            "info": {
                                "deviceName": "iPhone 7 plus",
                                "deviceModel": "IOS",
                                "deviceUDID": "192_168_56_101_5555"
                            },
                            "screenShot": []
                        }
                    ]
                }
            ]