{
  "credentials": [
    {
      "userName": "vodqa2014@gmail.com",
      "password": "Hello12345678",
      "welcomeName": "vodqabangalore"
    },
    {
      "userName": "vodqa2015@gmail.com",
      "password": "Hello12345678",
      "welcomeName": "vodqabangalore2015"
    },
    {
      "userName": "vodqa2016@gmail.com",
      "password": "Hello12345678",
      "welcomeName": "vodqabangalore20156"
    },
    {
      "userName": "vodqa2017@gmail.com",
      "password": "Hello12345678",
      "welcomeName": "vodqabangalore2017"
    },
    {
      "userName": "vodqadryrun@gmail.com",
      "password": "Hello12345678",
      "welcomeName": "vodqadryrun"
    }
  ]
}
